City_ID,City,Country,Lat,Lng,Max Temp,Humidity,Cloudiness,Wind Speed,Current Description
0,Maragogi,BR,-9.0122,-35.2225,85.93,52,28,14.36,scattered clouds
1,Yellowknife,CA,62.456,-114.3525,-10.44,76,75,16.11,broken clouds
2,Barrow,US,71.2906,-156.7887,-27.38,68,0,5.75,clear sky
3,Port Alfred,ZA,-33.5906,26.891,72.27,78,17,12.26,few clouds
4,Rikitea,PF,-23.1203,-134.9692,78.64,74,18,18.01,few clouds
5,Manta,EC,-0.95,-80.7333,78.58,78,75,4.61,broken clouds
6,Butaritari,KI,3.0707,172.7902,81.27,79,32,17.25,light rain
7,Provideniya,RU,64.3833,-173.3,-19.68,92,43,3.6,scattered clouds
8,Thompson,CA,55.7435,-97.8558,-7.44,71,100,13.8,overcast clouds
9,Punta Arenas,CL,-53.15,-70.9167,55.42,57,40,31.07,scattered clouds
10,Vanavara,RU,60.34,102.2797,-9.85,99,98,2.73,overcast clouds
11,Bluff,NZ,-46.6,168.3333,58.8,88,89,14.23,overcast clouds
12,Ribeira Grande,PT,38.5167,-28.7,63.0,67,20,11.5,few clouds
13,La Ronge,CA,55.1001,-105.2842,10.65,85,100,13.8,overcast clouds
14,Ushuaia,AR,-54.8,-68.3,47.82,76,75,28.77,broken clouds
15,Kruisfontein,ZA,-34.0033,24.7314,65.91,77,70,10.92,broken clouds
16,Cherskiy,RU,68.75,161.3,-37.84,100,100,5.91,overcast clouds
17,San Patricio,US,28.017,-97.5169,68.18,50,96,3.4,overcast clouds
18,Albany,US,42.6001,-73.9662,46.09,72,95,1.01,overcast clouds
19,Falmouth,GB,50.1544,-5.0711,46.98,61,40,12.66,scattered clouds
20,Fort Nelson,CA,58.8053,-122.7002,34.83,55,100,11.77,overcast clouds
21,Katsuura,JP,35.1333,140.3,37.42,96,100,25.28,overcast clouds
22,Talcahuano,CL,-36.7167,-73.1167,71.28,49,0,13.8,clear sky
23,Pemba,MZ,-12.974,40.5178,79.5,83,75,4.61,broken clouds
24,Kapaa,US,22.0752,-159.319,66.18,97,0,9.22,clear sky
25,Kaitangata,NZ,-46.2817,169.8464,55.92,97,81,3.31,broken clouds
26,Sangar,RU,63.9242,127.4739,-39.32,100,63,2.42,broken clouds
27,Coihaique,CL,-45.5752,-72.0662,59.61,36,40,10.36,scattered clouds
28,Upernavik,GL,72.7868,-56.1549,-8.25,93,100,4.0,overcast clouds
29,Puerto Ayora,EC,-0.7393,-90.3518,82.36,85,80,7.0,broken clouds
30,Hue,VN,16.4667,107.6,69.91,94,75,3.44,broken clouds
31,Lorengau,PG,-2.0226,147.2712,80.38,81,74,6.31,broken clouds
32,Kudahuvadhoo,MV,2.6708,72.8944,81.46,75,66,10.87,broken clouds
33,Rundu,NA,-17.9333,19.7667,76.28,59,56,6.49,broken clouds
34,New Norfolk,AU,-42.7826,147.0587,58.5,54,71,2.53,broken clouds
35,Chatham,GB,51.3789,0.5279,45.1,69,100,5.01,overcast clouds
36,Kovdor,RU,67.5662,30.4758,20.46,93,99,5.26,overcast clouds
37,Sechura,PE,-5.5569,-80.8222,76.39,58,93,3.67,overcast clouds
38,Ugoofaaru,MV,5.6667,73.0,81.57,74,88,10.6,overcast clouds
39,Samarai,PG,-10.6167,150.6667,81.64,64,98,14.58,overcast clouds
40,Marawi,PH,7.9986,124.2928,66.65,97,100,0.83,light rain
41,Castro,BR,-24.7911,-50.0119,77.85,51,14,2.55,few clouds
42,Pahalgam,IN,34.0333,75.3333,14.65,70,22,12.5,few clouds
43,Shimoda,JP,34.6667,138.95,38.1,89,99,10.8,overcast clouds
44,Malanje,AO,-9.5402,16.341,72.79,62,74,7.58,broken clouds
45,Mago,RU,53.2514,140.1822,9.68,96,100,0.69,light snow
46,Georgetown,MY,5.4112,100.3354,80.53,88,20,3.44,few clouds
47,Atuona,PF,-9.8,-139.0333,78.19,76,19,18.45,light rain
48,Nizhniy Chir,RU,48.3597,43.0865,32.31,95,99,13.89,overcast clouds
49,Nikolskoye,RU,59.7035,30.7861,37.71,90,95,10.67,overcast clouds
50,Roma,US,43.2128,-75.4557,41.4,83,100,6.91,overcast clouds
51,Bathsheba,BB,13.2167,-59.5167,84.81,54,20,24.16,few clouds
52,Matagami,CA,49.7502,-77.6328,8.71,78,100,13.8,overcast clouds
53,Santa Cruz Del Sur,CU,20.7147,-77.9956,82.56,56,0,9.06,heavy intensity rain
54,Torbay,CA,47.6666,-52.7314,43.48,73,20,6.91,few clouds
55,Aden,YE,12.7794,45.0367,76.71,64,8,15.3,clear sky
56,Piranshahr,IR,36.701,45.1413,34.72,98,98,2.98,snow
57,Praia Da Vitoria,PT,38.7333,-27.0667,63.75,82,20,8.43,few clouds
58,Severo-Kurilsk,RU,50.6789,156.125,24.21,75,94,8.5,overcast clouds
59,Yumen,CN,40.2833,97.2,23.86,44,64,8.05,broken clouds
60,Ponta Do Sol,PT,32.6667,-17.1,72.72,80,100,4.0,overcast clouds
61,Creston,US,41.0586,-94.3614,35.71,93,0,10.36,clear sky
62,Ixtapa,MX,20.7,-105.2,70.83,60,0,0.0,clear sky
63,Esperance,AU,-33.8667,121.9,73.24,53,64,23.4,broken clouds
64,Yibin,CN,28.7667,104.6238,45.59,80,100,3.53,overcast clouds
65,Pundaguitan,PH,6.3711,126.1689,79.66,83,99,9.98,overcast clouds
66,Xixiang,CN,35.1628,112.865,39.58,51,100,3.71,overcast clouds
67,Dongsheng,CN,39.8161,109.9776,24.01,41,100,4.56,overcast clouds
68,Gustavo Diaz Ordaz,MX,26.2333,-98.5833,71.94,58,73,7.47,broken clouds
69,Fortuna,US,40.5982,-124.1573,61.14,75,0,11.5,clear sky
70,Charyshskoye,RU,51.3978,83.5598,-7.56,97,83,4.23,broken clouds
71,Ilulissat,GL,69.2167,-51.1,-0.38,55,75,5.75,broken clouds
72,Tuktoyaktuk,CA,69.4541,-133.0374,-14.8,70,100,4.61,light snow
73,Key West,US,24.5557,-81.7826,70.0,60,0,12.66,clear sky
74,Faya,SA,18.3851,42.4509,60.91,68,5,4.79,clear sky
75,Andros Town,BS,24.7,-77.7667,78.76,73,95,12.8,overcast clouds
76,Hithadhoo,MV,-0.6,73.0833,82.09,69,100,8.08,overcast clouds
77,Mataura,NZ,-46.1927,168.8643,58.48,96,61,2.08,broken clouds
78,Avarua,CK,-21.2078,-159.775,71.65,100,75,2.3,broken clouds
79,Santander,ES,43.4647,-3.8044,58.3,68,89,5.01,overcast clouds
80,Falun,SE,60.6036,15.626,35.22,67,76,4.54,broken clouds
81,Sitio Novo Do Tocantins,BR,-5.5183,-47.4611,80.53,89,75,3.44,broken clouds
82,Tahlequah,US,35.9154,-94.97,59.22,17,0,9.22,clear sky
83,Adrasmon,TJ,40.6472,69.9856,27.52,62,78,8.19,broken clouds
84,Ostrovnoy,RU,68.0531,39.5131,25.88,86,100,21.72,overcast clouds
85,Diego De Almagro,CL,-26.3667,-70.05,79.61,23,0,15.05,clear sky
86,Culpeper,US,38.5004,-77.9664,58.95,34,75,14.97,broken clouds
87,Chokurdakh,RU,70.6333,147.9167,-25.31,95,87,9.1,overcast clouds
88,Harper,LR,4.375,-7.7169,81.77,79,48,9.86,scattered clouds
89,Itarema,BR,-2.9248,-39.9167,86.27,57,100,10.83,overcast clouds
90,Bredasdorp,ZA,-34.5322,20.0403,69.12,60,1,11.5,clear sky
91,Flinders,AU,-34.5833,150.8552,70.18,87,97,11.01,overcast clouds
92,Port Hedland,AU,-20.3167,118.5667,84.25,89,23,4.61,few clouds
93,Charters Towers,AU,-20.1,146.2667,72.48,84,48,8.23,scattered clouds
94,Vila Velha,BR,-20.3297,-40.2925,78.75,82,20,14.97,few clouds
95,Hasaki,JP,35.7333,140.8333,34.2,75,100,30.71,snow
96,Redlands,US,34.0556,-117.1825,75.47,24,0,17.27,clear sky
97,Hilo,US,19.7297,-155.09,64.62,79,0,8.05,clear sky
98,Belaya Gora,RU,68.5333,146.4167,-41.44,99,32,3.83,scattered clouds
99,Two Hills,CA,53.7169,-111.7518,41.88,81,49,19.57,scattered clouds
100,Megion,RU,61.0296,76.1136,-3.98,98,53,6.78,broken clouds
101,Wageningen,NL,51.9667,5.6667,45.09,75,100,6.91,light rain
102,Stepnyak,KZ,52.8339,70.7803,-18.74,100,62,4.25,broken clouds
103,Hermanus,ZA,-34.4187,19.2345,67.8,75,0,6.51,clear sky
104,Sijunjung,ID,-0.6876,100.9537,70.05,89,99,0.85,overcast clouds
105,Jamestown,US,42.097,-79.2353,38.08,56,100,15.01,overcast clouds
106,Codrington,AU,-38.2667,141.9667,56.68,79,4,7.72,clear sky
107,Kwinana,AU,-32.25,115.7667,72.93,82,7,8.28,light rain
108,Moron,AR,-34.6534,-58.6198,88.95,47,0,7.0,clear sky
109,Gizo,SB,-8.103,156.8419,80.74,81,100,8.14,moderate rain
110,Dalbandin,PK,28.8947,64.4101,56.07,18,0,5.84,clear sky
111,Hobart,AU,-42.8794,147.3294,58.86,65,100,8.05,overcast clouds
112,Oksfjord,NO,70.2396,22.3479,26.78,76,99,11.18,overcast clouds
113,Arkhangelskoye,RU,55.8549,35.3287,28.54,93,96,10.47,overcast clouds
114,Mattru,SL,7.6244,-11.8332,89.51,47,1,8.37,clear sky
115,Kahului,US,20.8947,-156.47,71.83,78,0,9.22,clear sky
116,Indianola,US,41.3581,-93.5574,33.57,73,20,10.56,few clouds
117,Vaini,TO,-21.2,-175.2,80.53,80,77,23.02,light rain
118,Srednekolymsk,RU,67.45,153.6833,-39.53,99,71,5.37,broken clouds
119,Tilichiki,RU,60.4667,166.1,-15.34,78,13,7.29,few clouds
120,East London,ZA,-33.0153,27.9116,74.34,83,20,4.61,few clouds
121,Walvis Bay,NA,-22.9575,14.5053,74.08,74,15,8.57,few clouds
122,Jieshi,CN,22.8134,115.8257,61.95,84,89,20.04,overcast clouds
123,Souillac,MU,-20.5167,57.5167,79.18,83,75,3.44,light rain
124,Dikson,RU,73.5069,80.5464,4.73,94,90,29.04,overcast clouds
125,Mabaruma,GY,8.2,-59.7833,84.02,58,56,7.56,broken clouds
126,Masallatah,LY,32.6167,14.0,53.53,63,6,5.08,clear sky
127,Nemuro,JP,43.3236,145.575,23.11,73,45,5.08,scattered clouds
128,Aripuana,BR,-9.1667,-60.6333,86.23,65,72,3.53,light rain
129,Busselton,AU,-33.65,115.3333,69.08,73,4,7.58,clear sky
130,Rolla,US,37.9514,-91.7713,46.85,47,0,11.5,clear sky
131,Qurayyat,SA,31.3318,37.3428,48.38,66,40,6.91,scattered clouds
132,Meulaboh,ID,4.1363,96.1285,75.43,84,99,5.08,overcast clouds
133,Chuy,UY,-33.6971,-53.4616,79.56,47,10,13.67,clear sky
134,Conceicao Do Araguaia,BR,-8.2578,-49.2647,83.5,74,96,1.32,overcast clouds
135,Lichinga,MZ,-13.3128,35.2406,61.9,96,98,3.53,light rain
136,Tiarei,PF,-17.5333,-149.3333,80.62,77,38,12.33,scattered clouds
137,Tucupita,VE,9.0622,-62.051,84.02,56,77,6.4,broken clouds
138,Maceio,BR,-9.6658,-35.7353,90.84,51,40,16.11,scattered clouds
139,Znamenskoye,RU,57.1281,73.8282,-8.21,97,7,4.56,clear sky
140,Portoferraio,IT,42.8115,10.3146,54.97,76,0,0.0,clear sky
141,Qaanaaq,GL,77.484,-69.3632,-21.64,57,5,7.29,clear sky
142,Merauke,ID,-8.4667,140.3333,80.55,79,100,8.81,heavy intensity rain
143,Bubaque,GW,11.2833,-15.8333,79.66,70,3,13.02,clear sky
144,Lucea,JM,18.451,-78.1736,82.26,72,3,10.78,clear sky
145,Gambela,ET,8.25,34.5833,86.16,25,72,3.53,broken clouds
146,Lazaro Cardenas,MX,17.9583,-102.2,81.59,47,81,5.55,broken clouds
147,Ratnagiri,IN,16.9833,73.3,73.51,72,24,11.36,few clouds
148,Yar-Sale,RU,66.8333,70.8333,8.76,90,77,20.09,broken clouds
149,Ancud,CL,-41.8697,-73.8203,65.43,44,4,10.22,clear sky
150,Paamiut,GL,61.994,-49.6678,15.58,73,100,7.83,overcast clouds
151,Talnakh,RU,69.4865,88.3972,-2.79,95,93,11.03,overcast clouds
152,Quatre Cocos,MU,-20.2078,57.7625,78.91,80,16,7.38,few clouds
153,Fort-Shevchenko,KZ,44.5086,50.263,37.31,74,100,16.73,overcast clouds
154,Sinnamary,GF,5.3833,-52.95,81.36,72,37,9.44,scattered clouds
155,Cay,TR,38.5917,31.0286,25.54,77,3,6.4,clear sky
156,Carolina,PR,18.3808,-65.9574,85.1,57,20,16.11,few clouds
157,Cape Town,ZA,-33.9258,18.4232,73.35,50,0,14.97,clear sky
158,Karratha,AU,-20.7377,116.8463,84.25,74,7,9.69,clear sky
159,Tobermory,CA,45.2501,-81.6665,31.3,78,100,21.74,overcast clouds
160,Lebu,CL,-37.6167,-73.65,61.18,58,50,25.72,scattered clouds
161,Cam Ranh,VN,11.9214,109.1591,76.96,83,40,10.36,scattered clouds
162,Ketchikan,US,55.3422,-131.6461,39.18,75,100,5.75,overcast clouds
163,Naze,JP,28.3667,129.4833,55.29,67,81,11.16,broken clouds
164,Aginskoye,RU,51.1,114.53,-9.78,96,88,5.93,overcast clouds
165,Shache,CN,38.4167,77.2406,36.03,33,39,6.13,scattered clouds
166,Sur,OM,22.5667,59.5289,69.82,52,0,2.89,clear sky
167,Sao Felix Do Xingu,BR,-6.6447,-51.995,83.43,69,100,2.64,overcast clouds
168,Tecoanapa,MX,16.5167,-98.75,82.4,53,95,8.46,overcast clouds
169,Ivanjica,RS,43.5803,20.2311,44.98,83,40,6.04,scattered clouds
170,Sulangan,PH,11.1373,123.7228,79.59,78,100,20.58,overcast clouds
171,Bonavista,CA,48.6499,-53.1147,38.12,80,62,1.68,broken clouds
172,Arraial Do Cabo,BR,-22.9661,-42.0278,71.56,94,100,4.61,mist
173,Zabol,AF,32.25,67.25,36.63,50,0,6.44,clear sky
174,Port Elizabeth,ZA,-33.918,25.5701,70.09,78,75,13.8,broken clouds
175,Raga,SS,8.4596,25.678,79.05,19,84,3.87,broken clouds
176,Berlevag,NO,70.8578,29.0864,22.8,79,0,17.27,clear sky
177,Haines Junction,CA,60.7522,-137.5108,-2.25,99,29,3.4,scattered clouds
178,Nanlong,CN,31.3533,106.0631,44.73,71,99,3.89,overcast clouds
179,Bambous Virieux,MU,-20.3428,57.7575,79.05,83,75,3.44,light rain
180,Alofi,NU,-19.0595,-169.9187,75.09,94,67,3.44,broken clouds
181,Verkhnevilyuysk,RU,63.4453,120.3167,-34.71,100,54,2.42,broken clouds
182,Airai,TL,-8.9266,125.4092,60.76,97,100,1.14,overcast clouds
183,Tezu,IN,27.9167,96.1667,55.94,71,67,3.49,broken clouds
184,Marigot,MF,18.0667,-63.0833,83.98,66,40,12.66,scattered clouds
185,Zolotukhino,RU,52.0842,36.3772,35.67,95,84,9.04,broken clouds
186,Grindavik,IS,63.8424,-22.4338,32.47,80,75,18.41,snow
187,Rincon,US,32.296,-81.2354,66.94,32,0,4.61,clear sky
188,Lufilufi,WS,-13.8745,-171.5986,74.98,78,100,10.87,overcast clouds
189,Kieta,PG,-6.2167,155.6333,78.85,83,94,3.42,overcast clouds
190,Faanui,PF,-16.4833,-151.75,81.01,74,88,11.74,overcast clouds
191,Zelenoborskiy,RU,66.845,32.3622,21.83,97,100,5.17,light snow
192,Gourdon,FR,44.75,1.5,46.24,83,30,3.06,scattered clouds
193,Westport,US,41.1415,-73.3579,54.28,58,0,12.66,clear sky
194,Wladyslawowo,PL,54.7909,18.4009,40.01,82,100,13.49,overcast clouds
195,Bam,IR,29.106,58.357,59.41,26,0,4.68,clear sky
196,Los Llanos De Aridane,ES,28.6585,-17.9182,69.55,53,0,13.8,clear sky
197,Teguise,ES,29.0605,-13.564,66.42,73,0,5.75,clear sky
198,Sao Miguel Do Araguaia,BR,-13.275,-50.1628,76.69,80,100,4.23,overcast clouds
199,Carnarvon,AU,-24.8667,113.6333,80.67,74,75,6.91,broken clouds
200,Arlit,NE,18.7369,7.3853,75.15,8,0,6.85,clear sky
201,Lazurne,UA,46.084,32.5295,39.02,84,99,10.16,overcast clouds
202,Puerto Leguizamo,CO,-0.1934,-74.7819,89.35,47,94,3.8,overcast clouds
203,Aykhal,RU,66.0,111.5,-8.59,93,100,5.44,overcast clouds
204,Bengkulu,ID,-3.8004,102.2655,75.72,76,100,4.81,overcast clouds
205,Xingyi,CN,24.1877,102.817,47.5,49,27,7.31,scattered clouds
206,Port Lincoln,AU,-34.7333,135.8667,61.29,72,14,13.13,few clouds
207,Port Blair,IN,11.6667,92.75,79.38,73,16,8.68,few clouds
208,Soyapango,SV,13.7347,-89.1514,84.47,57,2,4.14,clear sky
209,Shellbrook,CA,53.2168,-106.4011,38.43,98,100,20.51,overcast clouds
210,Saldanha,ZA,-33.0117,17.9442,71.65,80,4,11.72,clear sky
211,Kavieng,PG,-2.5744,150.7967,80.76,80,96,7.83,light rain
212,Havelock,US,34.8791,-76.9013,66.06,54,2,1.99,clear sky
213,Ahipara,NZ,-35.1667,173.1667,72.75,96,92,9.48,overcast clouds
214,Nizhniy Kuranakh,RU,58.8353,125.4869,-28.08,99,100,2.48,overcast clouds
215,Palmer,US,42.1584,-72.3287,51.48,67,75,10.36,broken clouds
216,Lata,PT,40.1629,-8.3327,63.72,49,99,4.03,overcast clouds
217,Atambua,ID,-9.1061,124.8925,71.55,92,100,1.1,light rain
218,Kawalu,ID,-7.3817,108.2082,73.36,93,100,2.1,overcast clouds
219,Russell,US,32.3502,-85.1999,66.38,38,0,0.0,clear sky
220,Hamilton,US,39.1834,-84.5333,45.0,62,40,12.66,scattered clouds
221,Tuatapere,NZ,-46.1333,167.6833,58.82,96,36,0.83,scattered clouds
222,Lavrentiya,RU,65.5833,-171.0,-30.41,96,52,4.85,broken clouds
223,Vicuna,CL,-30.0319,-70.7081,78.76,61,62,8.59,broken clouds
224,Guerrero Negro,MX,27.9769,-114.0611,69.37,35,0,1.12,clear sky
225,Ailigandi,PA,9.2333,-78.0167,80.6,82,72,13.78,broken clouds
226,Saskylakh,RU,71.9167,114.0833,4.37,95,100,13.76,light snow
227,Giyon,ET,8.5333,37.9833,68.18,46,74,2.93,broken clouds
228,Xining,CN,36.6167,101.7667,16.92,93,100,1.43,overcast clouds
229,Victoria,HK,22.2855,114.1577,64.45,87,100,11.99,overcast clouds
230,Okhotsk,RU,59.3833,143.3,5.09,89,100,4.85,overcast clouds
231,Atar,MR,20.5169,-13.0499,84.13,9,69,18.19,broken clouds
232,Santa Pola,ES,38.1917,-0.5658,58.75,76,20,4.61,few clouds
233,Pangnirtung,CA,66.1451,-65.7125,-9.4,59,100,2.3,overcast clouds
234,Basco,PH,20.4487,121.9702,74.34,80,73,20.33,broken clouds
235,Atasu,KZ,48.6814,71.6433,-1.93,99,35,5.06,scattered clouds
236,La Palma,US,33.8464,-118.0467,81.41,23,0,14.97,clear sky
237,Wanaka,NZ,-44.7,169.15,54.79,85,0,2.53,clear sky
238,Alyangula,AU,-13.8483,136.4192,76.87,100,65,0.0,broken clouds
239,Changping,CN,40.2186,116.2197,22.64,39,9,5.88,clear sky
240,Mount Gambier,AU,-37.8333,140.7667,48.11,93,75,1.14,broken clouds
241,Bilma,NE,18.6853,12.9164,71.51,12,0,5.21,clear sky
242,Usinsk,RU,65.9939,57.5281,23.5,90,100,24.63,overcast clouds
243,Kuala Terengganu,MY,5.3302,103.1408,75.15,100,40,3.44,moderate rain
244,Bar Harbor,US,44.3876,-68.2039,44.91,84,100,16.11,overcast clouds
245,Mehamn,NO,71.0357,27.8492,24.98,79,0,13.8,clear sky
246,Chimala,TZ,-8.85,34.0167,66.47,97,100,1.39,moderate rain
247,Vestmannaeyjar,IS,63.4427,-20.2734,34.79,80,40,20.71,scattered clouds
248,Kurumkan,RU,54.3,110.3,-14.15,89,50,5.5,scattered clouds
249,Portland,US,45.5234,-122.6762,49.95,93,100,5.01,mist
250,Ust-Ishim,RU,57.6935,71.1665,-5.64,98,9,5.01,clear sky
251,Rancho Palos Verdes,US,33.7445,-118.387,82.18,31,0,6.91,clear sky
252,Taltal,CL,-25.4,-70.4833,68.63,72,6,6.51,clear sky
253,Porto Novo,BJ,6.4965,2.6036,85.82,75,1,9.13,clear sky
254,Hervey Bay,AU,-25.2986,152.8535,68.11,74,0,12.88,clear sky
255,Pizarro,CO,4.9533,-77.366,79.5,86,100,7.67,moderate rain
256,Paez,CO,5.1011,-73.0512,74.86,64,100,4.7,overcast clouds
257,Kilindoni,TZ,-7.9139,39.6668,81.54,78,83,13.22,broken clouds
258,Manokwari,ID,-0.8667,134.0833,77.5,79,100,4.12,overcast clouds
259,Porto Belo,BR,-27.1578,-48.5531,85.62,65,13,10.29,few clouds
260,Aklavik,CA,68.2191,-135.0107,-17.57,69,100,5.75,light snow
261,Aksu,CN,41.1231,80.2644,27.43,44,83,4.72,broken clouds
262,Havre-Saint-Pierre,CA,50.2334,-63.5986,30.79,86,100,6.91,overcast clouds
263,Siilinjarvi,FI,63.0833,27.6667,30.22,86,100,8.05,overcast clouds
264,Vagur,FO,61.4732,-6.8119,36.14,50,99,13.87,overcast clouds
265,Stornoway,GB,58.2093,-6.3865,37.36,77,40,9.22,scattered clouds
266,Lar,IN,26.2039,83.9717,57.24,75,0,8.12,clear sky
267,Teguldet,RU,57.3064,88.1667,-16.29,100,32,2.62,scattered clouds
268,Blackwater,AU,-23.5833,148.8833,70.2,75,0,5.86,clear sky
269,Umba,RU,66.6871,34.3429,26.46,95,100,9.13,light snow
270,Tenango,MX,18.65,-98.1833,68.83,36,48,8.12,scattered clouds
271,Noumea,NC,-22.2763,166.4572,80.01,99,100,31.65,moderate rain
272,Nantucket,US,41.2835,-70.0995,51.62,78,0,16.11,clear sky
273,Shelburne,CA,44.0787,-80.2041,30.96,86,83,16.35,broken clouds
274,Half Moon Bay,US,37.4636,-122.4286,70.92,50,20,6.91,few clouds
275,Adrar,MR,20.5022,-10.0711,79.47,11,42,19.1,scattered clouds
276,Tiksi,RU,71.6872,128.8694,-11.81,93,100,15.41,overcast clouds
277,Sao Joao Da Barra,BR,-21.6403,-41.0511,77.09,91,100,7.2,overcast clouds
278,Uarini,BR,-2.99,-65.1083,89.55,72,91,1.59,overcast clouds
279,Hobyo,SO,5.3505,48.5268,76.39,67,86,21.14,overcast clouds
280,Saint-Pierre,RE,-21.3393,55.4781,78.48,78,75,6.91,broken clouds
281,Mar Del Plata,AR,-38.0023,-57.5575,82.42,65,0,18.99,clear sky
282,Cairns,AU,-16.9167,145.7667,76.06,96,10,1.14,clear sky
283,San Pedro,PH,14.35,121.0167,78.35,77,75,9.22,broken clouds
284,Goba,ET,7.0167,39.9833,54.0,50,51,3.65,broken clouds
285,Tagusao,PH,9.1924,117.8141,77.88,79,87,4.5,overcast clouds
286,Pevek,RU,69.7008,170.3133,-33.14,100,100,7.61,overcast clouds
287,Namatanai,PG,-3.6667,152.4333,79.09,84,90,3.53,light rain
288,Cumra,TR,37.5732,32.7745,32.14,88,56,4.74,broken clouds
289,Taveta,KE,-3.3963,37.6736,81.99,48,74,9.22,broken clouds
290,Maniitsoq,GL,65.4167,-52.9,14.14,91,100,6.35,overcast clouds
291,Christchurch,NZ,-43.5333,172.6333,63.03,95,100,3.0,mist
292,Auxerre,FR,47.8,3.5667,45.63,94,100,5.68,overcast clouds
293,Murud,IN,18.3258,72.965,71.91,70,9,5.97,clear sky
294,Sapele,NG,5.8941,5.6767,86.97,50,40,8.86,scattered clouds
295,Santa Maria,BR,-29.6842,-53.8069,88.9,40,20,10.36,few clouds
296,Nakamura,JP,32.9833,132.9333,39.25,87,6,5.21,clear sky
297,Coquimbo,CL,-29.9533,-71.3436,67.73,72,100,8.05,overcast clouds
298,Leh,IN,34.1667,77.5833,-2.09,92,100,1.25,overcast clouds
299,Komsomolskiy,UZ,40.4272,71.7189,36.82,69,49,4.61,scattered clouds
300,Padang,ID,-0.9492,100.3543,77.58,78,99,3.33,heavy intensity rain
301,College,US,64.8569,-147.8028,-7.71,77,100,3.44,light snow
302,Narsaq,GL,60.9167,-46.05,8.82,65,27,7.36,scattered clouds
303,Kinshasa,CD,-4.3246,15.3215,84.52,74,20,5.75,few clouds
304,Taoudenni,ML,22.6783,-3.9836,73.02,13,21,12.91,few clouds
305,Uyuni,BO,-20.4597,-66.825,62.69,22,1,15.1,clear sky
306,Makakilo City,US,21.3469,-158.0858,71.92,78,0,5.75,clear sky
307,Tasiilaq,GL,65.6145,-37.6368,21.36,59,29,6.96,scattered clouds
308,Pare,ID,-7.7679,112.198,72.68,93,100,2.68,overcast clouds
309,Nanortalik,GL,60.1432,-45.2371,26.22,58,81,7.94,broken clouds
310,Kodiak,US,57.79,-152.4072,15.31,79,0,6.91,clear sky
311,Mosetse,BW,-20.75,26.65,75.56,58,78,5.95,broken clouds
312,Monterey,US,36.2505,-121.2516,58.1,28,0,2.15,clear sky
313,Nisia Floresta,BR,-6.0911,-35.2086,88.61,47,58,11.5,broken clouds
314,Bethel,US,41.3712,-73.414,52.11,54,0,14.97,clear sky
315,San Jose,US,37.3394,-121.895,71.42,49,0,1.01,clear sky
316,Nechi,CO,8.0942,-74.7757,90.3,57,75,1.63,broken clouds
317,Saint George,US,37.1041,-113.5841,56.62,36,0,3.0,clear sky
318,Luwingu,ZM,-10.2621,29.9271,64.36,94,84,2.35,light rain
319,Longview,US,32.5007,-94.7405,68.07,27,0,1.01,clear sky
320,Axim,GH,4.8699,-2.2405,81.01,79,10,9.06,clear sky
321,Preobrazheniye,RU,42.9019,133.9064,25.63,78,26,3.47,scattered clouds
322,Ulaangom,MN,49.9811,92.0667,-23.57,89,79,3.87,broken clouds
323,Hvide Sande,DK,56.0045,8.1294,39.99,77,25,18.12,scattered clouds
324,Lewisporte,CA,49.2499,-55.0482,37.11,79,78,4.05,broken clouds
325,Denizli,TR,37.8402,29.0698,40.05,71,0,2.53,clear sky
326,Allanridge,ZA,-27.7543,26.6438,75.6,69,74,5.23,broken clouds
327,Luderitz,NA,-26.6481,15.1594,74.89,50,4,22.95,clear sky
328,Tabas,IR,33.5959,56.9244,56.71,24,2,2.77,clear sky
329,Korla,CN,41.7597,86.1469,28.18,45,77,3.09,broken clouds
330,Pisco,PE,-13.7,-76.2167,78.03,69,0,10.36,clear sky
331,Saint-Philippe,RE,-21.3585,55.7679,78.39,80,27,6.91,scattered clouds
332,Hofn,IS,64.2539,-15.2082,26.42,57,20,6.87,few clouds
333,Khrebtovaya,RU,56.7032,104.2494,-27.04,100,73,3.29,broken clouds
334,Abrau-Dyurso,RU,44.69,37.59,42.26,70,44,9.22,scattered clouds
335,Brazzaville,CG,-4.2658,15.2832,84.51,74,20,5.75,few clouds
336,Bucerias,MX,20.75,-105.3333,71.58,60,0,0.0,clear sky
337,Tarauaca,BR,-8.1614,-70.7656,81.25,71,100,3.56,overcast clouds
338,Mahebourg,MU,-20.4081,57.7,79.09,83,75,3.44,broken clouds
339,Rockport,US,28.0206,-97.0544,70.23,66,0,6.91,clear sky
340,Iqaluit,CA,63.7506,-68.5145,-11.47,77,100,3.44,light snow
341,Nizhniy Odes,RU,63.6445,54.856,23.47,93,100,12.91,light snow
342,Ahtopol,BG,42.1,27.95,46.22,76,1,6.91,clear sky
343,Praya,CV,14.9215,-23.5087,82.94,39,0,18.41,clear sky
344,Cabungan,PH,16.3365,119.9991,78.87,72,8,15.41,clear sky
345,Ulladulla,AU,-35.35,150.4667,67.77,91,100,11.16,overcast clouds
346,Edd,ER,13.9297,41.6925,81.55,59,14,19.62,few clouds
347,Grabouw,ZA,-34.1515,19.0151,68.45,79,0,3.62,clear sky
348,New Richmond,US,45.123,-92.5366,20.79,79,40,10.36,scattered clouds
349,Cabo San Lucas,MX,22.8909,-109.9124,76.51,51,0,4.61,clear sky
350,Constitucion,CL,-35.3333,-72.4167,67.23,62,79,6.98,broken clouds
351,San Quintin,MX,30.4833,-115.95,71.17,24,0,6.8,clear sky
352,Saint-Joseph,RE,-21.3667,55.6167,77.38,81,30,5.91,scattered clouds
353,Baruun-Urt,MN,46.6806,113.2792,-5.71,99,76,3.18,broken clouds
354,Mugur-Aksy,RU,50.35,90.5,-19.8,94,78,5.41,broken clouds
355,Bandarban,BD,22.1965,92.2262,60.64,76,1,2.39,clear sky
356,Khatanga,RU,71.9667,102.5,-3.62,96,93,13.94,overcast clouds
357,Shangrao,CN,28.4532,117.9686,42.6,95,100,6.04,light rain
358,Igarka,RU,67.4667,86.5833,-17.63,97,15,9.91,few clouds
359,Ayan,RU,56.45,138.1667,12.09,94,100,9.22,light snow
360,Iquique,CL,-20.2208,-70.1431,75.24,64,5,6.02,clear sky
361,Kloulklubed,PW,7.0419,134.2556,77.5,77,96,11.61,overcast clouds
362,Ocos,GT,14.5094,-92.1933,90.73,61,1,8.43,clear sky
363,Sanguem,IN,15.2333,74.1667,78.28,70,36,3.02,scattered clouds
364,Smithers,CA,54.7804,-127.1743,37.72,60,20,13.8,few clouds
365,Catia La Mar,VE,10.6038,-67.0303,90.5,55,75,4.61,broken clouds
366,Nashville,US,36.1659,-86.7844,58.69,36,0,5.75,clear sky
367,Deputatskiy,RU,69.3,139.9,-23.53,94,90,6.2,overcast clouds
368,Verkh-Chebula,RU,56.0308,87.6218,-18.15,100,18,3.49,few clouds
369,Gazimurskiy Zavod,RU,51.5461,118.3266,-12.15,100,100,1.16,overcast clouds
370,Nador,MA,35.174,-2.9287,59.25,67,20,5.75,few clouds
371,San Cristobal,VE,7.7669,-72.225,75.38,50,76,3.49,broken clouds
372,Upata,VE,8.0086,-62.3989,91.44,31,100,3.8,overcast clouds
373,Inuvik,CA,68.3499,-133.7218,-13.79,76,100,2.3,light snow
374,Gigmoto,PH,13.7796,124.39,76.91,85,100,13.31,overcast clouds
375,Acapulco,MX,16.8634,-99.8901,84.02,54,75,3.44,broken clouds
376,Kokopo,PG,-4.352,152.2633,77.92,84,99,4.0,light rain
377,Vardo,NO,70.3705,31.1107,26.8,80,75,9.22,broken clouds
378,Rassvet,RU,46.8333,40.75,37.31,94,93,17.45,overcast clouds
379,Bima,ID,-8.4667,118.7167,75.56,97,100,1.95,overcast clouds
380,Longyearbyen,SJ,78.2186,15.6401,24.64,68,0,10.36,clear sky
381,Kaeo,NZ,-35.1,173.7833,74.32,98,93,7.36,overcast clouds
382,Riobamba,EC,-1.6667,-78.6333,68.36,60,75,17.27,broken clouds
383,Plouzane,FR,48.3833,-4.6167,47.08,84,40,8.05,scattered clouds
384,Zapolyarnyy,RU,69.4154,30.8136,25.88,97,94,8.81,overcast clouds
385,Salekhard,RU,66.53,66.6019,14.76,92,100,16.73,overcast clouds
386,Newport,GB,51.5877,-2.9984,44.85,69,23,1.99,few clouds
387,Nouadhibou,MR,20.931,-17.0347,84.18,26,79,9.22,broken clouds
388,Ingham,US,42.6,-84.3833,31.77,76,100,12.66,overcast clouds
389,Mogadishu,SO,2.0371,45.3438,77.29,79,1,22.53,clear sky
390,Saint Anthony,US,45.0205,-93.218,22.14,72,0,11.5,clear sky
391,Orlik,RU,52.5178,99.825,-28.98,98,95,2.46,overcast clouds
392,Sao Filipe,CV,14.8961,-24.4956,79.21,50,100,9.28,overcast clouds
393,Hami,CN,42.8,93.45,25.7,61,88,3.2,overcast clouds
394,Qostanay,KZ,53.1667,63.5833,4.89,97,98,8.01,overcast clouds
395,Goderich,CA,43.7501,-81.7165,31.91,80,88,16.51,overcast clouds
396,Svetlyy,RU,54.675,20.1347,39.25,88,100,9.98,light rain
397,Athenry,IE,53.2964,-8.7431,42.44,76,24,6.73,few clouds
398,Port Augusta,AU,-32.5,137.7667,64.54,62,0,10.11,clear sky
399,Mezen,RU,65.8522,44.24,24.85,90,100,13.58,overcast clouds
400,Misratah,LY,32.3754,15.0925,57.9,62,1,6.96,clear sky
401,Blagoyevo,RU,63.3667,47.9167,24.33,93,100,9.48,overcast clouds
402,Santiago,CL,-33.4569,-70.6483,83.28,49,20,6.91,haze
403,Vao,NC,-22.6667,167.4833,81.41,87,100,41.54,moderate rain
404,Martapura,ID,-3.4167,114.85,77.09,94,100,2.3,overcast clouds
405,Vostok,RU,46.4856,135.8833,4.26,99,88,2.95,overcast clouds
406,Cockburn Town,TC,21.4612,-71.1419,77.49,73,41,16.87,scattered clouds
407,Lagoa,PT,39.05,-27.9833,58.5,72,50,4.23,scattered clouds
408,Cidreira,BR,-30.1811,-50.2056,76.8,71,0,15.99,clear sky
409,Bodden Town,KY,19.2833,-81.25,82.99,70,40,10.36,scattered clouds
410,Dharur,IN,18.8167,76.1167,68.99,37,46,7.56,scattered clouds
411,Clyde River,CA,70.4692,-68.5914,-16.37,69,100,0.0,overcast clouds
412,Rawson,AR,-43.3002,-65.1023,65.86,40,82,22.86,broken clouds
413,Ovre Ardal,NO,61.3167,7.8,27.48,100,97,4.16,overcast clouds
414,Ghanzi,BW,-21.5667,21.7833,77.31,47,56,7.49,broken clouds
415,Veraval,IN,20.9,70.3667,71.65,45,3,12.95,clear sky
416,Honiara,SB,-9.4333,159.95,77.32,88,83,6.11,moderate rain
417,Price,US,39.5994,-110.8107,47.41,52,0,8.05,clear sky
418,Caravelas,BR,-17.7125,-39.2481,84.96,60,21,11.01,few clouds
419,Montecristo,CO,8.2971,-74.4733,88.57,64,58,1.48,broken clouds
420,Tura,IN,25.5198,90.2201,57.33,87,30,1.86,scattered clouds
421,Margate,GB,51.3813,1.3862,43.97,73,100,1.99,overcast clouds
422,Mao,ES,39.8885,4.2658,55.96,76,75,3.44,broken clouds
423,Touros,BR,-5.1989,-35.4608,88.7,55,48,13.02,scattered clouds
424,Rovaniemi,FI,66.5,25.7167,27.81,100,100,5.75,light snow
425,Avera,US,33.194,-82.5271,66.7,35,5,7.43,clear sky
426,Dangriga,BZ,16.9692,-88.2321,78.76,62,31,8.34,scattered clouds
427,Klaksvik,FO,62.2266,-6.589,31.12,52,97,14.74,overcast clouds
428,Mantua,IT,45.1667,10.7833,55.72,77,6,3.2,clear sky
429,Coruripe,BR,-10.1256,-36.1756,85.95,59,55,17.78,broken clouds
430,Cap Malheureux,MU,-19.9842,57.6142,79.29,76,22,1.01,few clouds
431,Pimentel,PE,-6.8367,-79.9342,80.89,57,20,4.61,few clouds
432,Kyra,RU,49.5776,111.9753,-0.74,93,100,3.65,overcast clouds
433,Comodoro Rivadavia,AR,-45.8667,-67.5,60.66,41,0,14.97,clear sky
434,Khani,GE,41.9563,42.9566,33.37,97,100,2.3,light snow
435,Damghan,IR,36.1683,54.348,46.62,34,100,2.13,overcast clouds
436,Bibiani,GH,6.4635,-2.3194,89.37,28,3,2.1,clear sky
437,Port-Gentil,GA,-0.7193,8.7815,80.19,81,97,5.61,moderate rain
438,Geraldton,AU,-28.7667,114.6,68.41,88,0,0.0,clear sky
439,Bonthe,SL,7.5264,-12.505,82.45,72,2,11.86,clear sky
440,Pavlikeni,BG,43.2428,25.3219,47.37,66,0,4.45,clear sky
441,Suluq,LY,31.6682,20.2521,54.01,66,15,10.13,few clouds
442,Opuwo,NA,-18.0607,13.84,68.86,84,95,2.1,light rain
443,Flin Flon,CA,54.7682,-101.865,6.64,78,100,10.36,light snow
444,Indramayu,ID,-6.3264,108.32,79.41,82,100,12.1,overcast clouds
445,La Asuncion,VE,11.0333,-63.8628,71.33,100,12,16.11,few clouds
446,Tornio,FI,65.8481,24.1466,32.02,97,99,9.13,light snow
447,Bowen,AU,-20.0167,148.2333,73.62,78,48,5.32,scattered clouds
448,Mundgod,IN,14.9667,75.0333,70.11,54,9,2.28,clear sky
449,Camacha,PT,33.0833,-16.3333,63.82,88,20,3.44,few clouds
450,Illapel,CL,-31.6308,-71.1653,75.51,58,81,8.93,broken clouds
451,Cajabamba,PE,-7.6167,-78.05,64.49,61,98,5.26,light rain
452,Balaipungut,ID,1.05,101.2833,71.37,99,100,2.57,moderate rain
453,Richards Bay,ZA,-28.783,32.0377,74.46,87,7,6.33,light rain
454,Safranbolu,TR,41.2508,32.6942,26.83,91,37,1.61,scattered clouds
455,Zhengjiatun,CN,43.5064,123.5064,15.49,92,99,3.74,overcast clouds
456,Salinopolis,BR,-0.6136,-47.3561,80.1,83,91,7.34,light rain
457,Melito Di Porto Salvo,IT,37.9222,15.7714,55.96,71,0,13.8,clear sky
458,Jinka,ET,5.65,36.65,72.75,38,31,1.86,scattered clouds
459,Prince Rupert,CA,54.3161,-130.3201,41.09,81,100,5.75,overcast clouds
460,Yerofey Pavlovich,RU,53.9667,121.9667,-7.91,93,98,3.18,overcast clouds
461,The Valley,AI,18.217,-63.0578,84.06,73,20,10.36,few clouds
462,Birjand,IR,32.8663,59.2211,43.27,28,0,6.91,clear sky
463,Havoysund,NO,70.9963,24.6622,25.03,72,100,10.31,overcast clouds
464,Sioux Lookout,CA,50.1001,-91.917,10.78,78,100,11.5,overcast clouds
465,High Rock,BS,26.6208,-78.2833,75.22,62,75,9.04,broken clouds
466,Sampit,ID,-2.5333,112.95,73.49,96,100,2.71,overcast clouds
467,Bumba,CD,2.1833,22.4667,81.66,29,27,2.84,scattered clouds
468,Kohlu,PK,29.8962,69.252,49.3,20,0,2.59,clear sky
469,Bella Union,UY,-30.2752,-57.6007,95.29,15,0,4.14,clear sky
470,Sistranda,NO,63.7256,8.834,34.9,63,96,27.22,overcast clouds
471,Kulhudhuffushi,MV,6.6221,73.07,80.85,75,56,11.95,broken clouds
472,Kutum,SD,14.2,24.6667,64.26,10,0,11.1,clear sky
473,Waingapu,ID,-9.6567,120.2641,76.05,89,100,6.58,overcast clouds
474,Burla,IN,21.5,83.8667,67.08,66,40,5.37,scattered clouds
475,Dwarka,IN,22.2394,68.9678,70.74,46,5,10.92,clear sky
476,Minab,IR,27.1467,57.0801,62.92,77,0,0.0,clear sky
477,Itoman,JP,26.1247,127.6694,60.82,66,75,3.44,broken clouds
478,Bela,IN,25.9333,81.9833,54.82,73,0,7.47,clear sky
479,Shostka,UA,51.863,33.4698,30.78,95,83,7.99,broken clouds
480,Port Macquarie,AU,-31.4333,152.9167,64.36,75,22,4.94,few clouds
481,Nome,US,64.5011,-165.4064,-20.13,76,0,0.0,clear sky
482,Olafsvik,IS,64.8945,-23.7142,35.04,57,94,25.75,light snow
483,Mahajanga,MG,-15.7167,46.3167,80.62,89,40,9.22,scattered clouds
484,Viedma,AR,-40.8135,-62.9967,66.97,40,91,22.06,overcast clouds
485,Aksarka,RU,66.5606,67.7975,13.57,92,100,19.08,overcast clouds
486,Norman Wells,CA,65.282,-126.8329,-11.16,70,100,18.41,light snow
487,Bac,RS,45.3919,19.2367,48.92,70,4,4.29,clear sky
488,Burnie,AU,-41.0667,145.9167,54.95,82,5,8.41,clear sky
489,Zelenogradsk,RU,54.9589,20.4767,39.25,83,75,11.18,broken clouds
490,Fairfield,US,41.2668,-73.3162,52.97,56,0,14.97,clear sky
491,Slave Lake,CA,55.2834,-114.769,42.78,56,100,27.63,overcast clouds
492,Kuybyshevo,RU,47.8123,38.9073,35.02,98,100,10.42,overcast clouds
493,Turukhansk,RU,65.8167,87.9833,-24.03,98,20,4.32,few clouds
494,Cedar City,US,37.6775,-113.0619,44.4,57,0,3.44,clear sky
495,Arman,RU,59.7,150.1667,-8.61,77,98,7.56,overcast clouds
496,Moose Factory,CA,51.2585,-80.6094,3.2,72,100,14.97,haze
497,Mangrol,IN,21.1167,70.1167,70.38,42,1,13.18,clear sky
498,Muros,ES,42.7762,-9.0603,58.23,90,95,2.91,light rain
499,Thinadhoo,MV,0.5333,72.9333,81.68,72,54,7.09,broken clouds
500,Namibe,AO,-15.1961,12.1522,74.93,73,100,7.23,overcast clouds
501,Limoges,FR,45.75,1.3333,52.36,66,0,9.22,clear sky
502,Novyy Urengoy,RU,66.0833,76.6333,-0.35,81,2,15.68,clear sky
503,Nuuk,GL,64.1835,-51.7216,27.21,86,75,12.66,broken clouds
504,Yulara,AU,-25.2406,130.9889,75.04,43,1,8.05,clear sky
505,Beringovskiy,RU,63.05,179.3167,-26.86,93,25,3.87,scattered clouds
506,Windhoek,NA,-22.5594,17.0832,68.11,76,98,0.89,overcast clouds
507,Nobres,BR,-14.7203,-56.3275,81.81,76,90,4.56,overcast clouds
508,Prado,BR,-17.3411,-39.2208,82.71,68,14,11.77,few clouds
509,Mweka,CD,-4.85,21.5667,70.0,94,88,1.7,light rain
510,Gravdal,NO,68.1214,13.5031,33.69,69,75,24.16,broken clouds
511,Broken Hill,AU,-31.95,141.4333,64.11,52,0,16.11,clear sky
512,Olavarria,AR,-36.8927,-60.3225,84.02,47,1,13.69,clear sky
513,Brae,GB,60.3964,-1.353,35.51,55,100,21.27,overcast clouds
514,Salalah,OM,17.0151,54.0924,75.29,60,20,4.61,few clouds
515,Okitipupa,NG,6.5047,4.7839,81.66,73,30,6.35,scattered clouds
516,Dingzhou,CN,38.5131,114.9956,28.51,53,58,4.12,broken clouds
517,Roald,NO,62.5833,6.1333,35.91,64,20,17.27,few clouds
518,Kosh-Agach,RU,50.0,88.6667,-23.91,98,73,3.18,broken clouds
519,Port Hardy,CA,50.6996,-127.4199,45.75,100,75,4.61,mist
520,Henties Bay,NA,-22.116,14.2845,73.85,79,25,1.63,scattered clouds
521,Husavik,IS,66.0449,-17.3389,28.31,84,89,13.33,overcast clouds
522,Canon City,US,38.441,-105.2424,52.02,28,0,20.71,clear sky
523,Umm Lajj,SA,25.0213,37.2685,64.96,56,0,14.52,clear sky
524,Nichinan,JP,31.6,131.3667,43.7,77,38,5.17,scattered clouds
525,Sinegorye,RU,62.0788,150.477,-22.38,83,98,1.74,overcast clouds
526,Eureka,US,40.8021,-124.1637,63.21,75,5,1.01,clear sky
527,Anloga,GH,5.7947,0.8973,86.22,79,1,15.1,clear sky
528,Sterling,US,39.0062,-77.4286,59.14,39,40,11.5,scattered clouds
529,Petropavlovsk-Kamchatskiy,RU,53.0452,158.6483,7.39,85,0,8.95,clear sky
530,Kununurra,AU,-15.7667,128.7333,78.78,94,78,1.14,broken clouds
531,Yangjiang,CN,21.85,111.9667,56.95,85,100,6.91,overcast clouds
532,North Bend,US,43.4065,-124.2243,54.07,100,0,6.91,mist
533,Progreso,MX,21.2833,-89.6667,80.11,65,7,8.25,clear sky
534,Benguela,AO,-12.5763,13.4055,77.22,67,100,7.23,overcast clouds
535,Cayenne,GF,4.9333,-52.3333,81.09,83,75,10.36,broken clouds
536,Chumikan,RU,54.7183,135.315,9.0,96,100,4.97,light snow
537,Khandyga,RU,62.6667,135.6,-39.5,100,97,0.65,overcast clouds
538,Tres Lagoas,BR,-20.7511,-51.6783,86.49,50,98,6.53,overcast clouds
539,Hope,US,33.6671,-93.5916,66.97,37,81,5.61,broken clouds
540,Labuhan,ID,-6.8844,112.2051,75.87,93,100,3.13,light rain
541,Zhigansk,RU,66.7697,123.3711,-30.62,97,94,10.47,overcast clouds
542,Isangel,VU,-19.55,169.2667,79.81,90,100,22.93,overcast clouds
543,Humaita,BR,-7.5061,-63.0208,86.29,71,82,4.34,broken clouds
544,Nova Odesa,UA,47.3078,31.7851,40.6,82,72,7.87,broken clouds
545,Hay River,CA,60.8156,-115.7999,-13.02,70,20,5.75,few clouds
546,Quelimane,MZ,-17.8786,36.8883,82.35,74,20,9.22,few clouds
547,Jurado,CO,7.1053,-77.7641,81.48,84,62,5.44,moderate rain
548,Bagdarin,RU,54.4333,113.6,-15.97,98,75,3.94,broken clouds
549,Micheweni,TZ,-4.9667,39.8333,80.6,76,96,12.93,overcast clouds
550,Bulgan,MN,48.8125,103.5347,-7.85,100,98,0.92,overcast clouds
551,Serenje,ZM,-13.2325,30.2352,63.43,97,99,4.21,light rain
552,Vanimo,PG,-2.6741,141.3028,79.02,83,100,1.16,overcast clouds
553,Winnemucca,US,40.973,-117.7357,43.11,70,0,3.44,clear sky
554,Khandbari,NP,27.3747,87.2039,49.12,84,79,4.79,broken clouds
555,Nioro,GM,13.35,-15.75,99.14,7,31,12.64,scattered clouds
556,Waipawa,NZ,-41.4122,175.5153,66.83,84,98,10.47,moderate rain
557,Mayo,US,38.8876,-76.5119,60.78,38,20,12.66,few clouds
558,Abapo,BO,-18.8333,-63.4667,92.07,24,6,13.65,clear sky
559,Jiblah,YE,13.9216,44.1467,60.53,72,57,0.78,broken clouds
560,Keti Bandar,PK,24.1447,67.4497,70.68,59,0,9.84,clear sky
561,Mahibadhoo,MV,3.7833,72.9667,81.55,75,89,10.87,overcast clouds
562,South Lake Tahoe,US,38.9332,-119.9844,55.87,68,0,1.99,clear sky
563,Poum,NC,-20.2333,164.0167,80.85,85,99,28.14,overcast clouds
564,Voyvozh,RU,62.892,54.9635,22.66,92,100,12.64,light snow
565,Sitka,US,57.0531,-135.33,37.29,65,75,16.11,broken clouds
566,Te Anau,NZ,-45.4167,167.7167,57.04,93,69,1.99,broken clouds
567,Asau,RO,46.4333,26.4,45.52,91,19,6.38,few clouds
568,Yerbogachen,RU,61.2767,108.0108,-20.72,100,87,3.33,overcast clouds
569,Puerto Del Rosario,ES,28.5004,-13.8627,69.55,68,0,5.75,clear sky
570,Warri,NG,5.5167,5.75,83.05,70,64,8.95,broken clouds
571,Pathein,MM,16.7833,94.7333,66.61,70,5,7.74,clear sky
572,Auki,SB,-8.7676,160.7034,77.45,89,100,5.7,very heavy rain
573,Kirakira,SB,-10.4544,161.9205,78.17,86,97,6.51,overcast clouds
574,Richmond,US,37.5538,-77.4603,63.32,32,20,14.97,few clouds
575,Moosomin,CA,50.1333,-101.6677,36.77,100,100,22.95,overcast clouds
576,Sesto Calende,IT,45.7261,8.634,52.48,72,0,3.0,clear sky
577,Grand-Lahou,CI,5.1367,-5.0242,81.86,80,3,10.54,clear sky
578,Espanola,US,35.9911,-106.0806,49.64,51,63,1.19,broken clouds
579,Mitsamiouli,KM,-11.3847,43.2844,82.69,78,100,10.36,thunderstorm
580,Beira,MZ,-19.8436,34.8389,82.49,78,20,12.66,few clouds
581,Menongue,AO,-14.6585,17.691,65.01,91,100,2.93,light rain
582,Ribas Do Rio Pardo,BR,-20.4431,-53.7592,89.22,40,100,4.38,overcast clouds
583,Oga,IT,46.4631,10.347,36.68,86,23,2.21,few clouds
584,Lompoc,US,34.6391,-120.4579,81.12,34,0,9.22,clear sky
585,Aracati,BR,-4.5617,-37.7697,87.58,52,96,12.95,overcast clouds
586,Seoul,KR,37.5683,126.9778,24.4,87,0,2.3,fog
587,Ankazoabo,MG,-22.2833,44.5167,80.33,63,98,8.14,overcast clouds
588,Coahuayana,MX,18.7333,-103.6833,87.48,23,11,5.82,few clouds
589,Hovd,MN,48.0056,91.6419,-7.06,99,100,1.54,overcast clouds
590,Leningradskiy,RU,69.3833,178.4167,-21.06,95,98,5.03,overcast clouds
591,Kota Bahru,MY,6.1333,102.2386,76.98,94,40,2.3,scattered clouds
592,Khash,IR,28.2211,61.2158,53.17,23,0,3.18,clear sky
593,Kearney,US,40.6995,-99.0815,43.36,65,0,19.57,clear sky
594,Kainantu,PG,-6.2887,145.8655,61.36,99,100,1.36,overcast clouds
595,Bennington,US,42.8781,-73.1968,44.42,77,100,9.22,light rain
596,Berbera,SO,10.4396,45.0143,75.83,62,81,8.59,broken clouds
597,Dallas,US,32.7668,-96.7836,68.34,25,75,6.91,broken clouds
598,Les Cayes,HT,18.2,-73.75,80.26,70,33,11.52,scattered clouds
599,Bontang,ID,0.1333,117.5,75.96,93,100,6.24,overcast clouds
600,Banjar,ID,-8.19,114.9675,80.46,92,100,2.17,overcast clouds
601,Narrabri,AU,-30.3167,149.7833,62.69,72,15,5.75,few clouds
602,Denpasar,ID,-8.65,115.2167,80.26,88,40,1.14,scattered clouds
603,Van Buren,US,35.4368,-94.3483,61.86,36,0,3.44,clear sky
604,Cutler Ridge,US,25.5783,-80.3377,78.03,62,0,9.22,clear sky
605,Oranjemund,NA,-28.55,16.4333,66.07,86,1,15.52,clear sky
606,Velizh,RU,55.6056,31.1967,32.23,83,87,8.77,overcast clouds
607,Domoni,KM,-12.2569,44.5319,79.21,83,100,3.22,light rain
608,Fez,MA,34.0372,-4.9998,71.71,32,0,4.61,clear sky
609,Riyadh,SA,24.6877,46.7219,69.94,21,0,13.49,clear sky
610,Voh,NC,-20.9667,164.7,78.39,93,100,15.17,overcast clouds
611,Celestun,MX,20.8667,-90.4,74.8,65,0,6.22,clear sky
612,Dingle,PH,10.9995,122.6711,76.62,79,100,9.35,overcast clouds
613,Marsh Harbour,BS,26.5412,-77.0636,72.81,76,97,14.18,overcast clouds
614,Warman,CA,52.3168,-106.5679,40.08,81,75,27.63,broken clouds
615,Nelson Bay,AU,-32.7167,152.15,73.99,84,94,5.82,light rain
616,Channel-Port Aux Basques,CA,47.5702,-59.1367,31.86,91,57,11.48,broken clouds
617,Brokopondo,SR,4.75,-55.1667,84.16,59,97,1.57,overcast clouds
618,Mount Isa,AU,-20.7333,139.5,78.57,53,45,4.61,scattered clouds
619,Matamoros,MX,25.5333,-103.25,55.11,36,100,5.06,overcast clouds
620,Barra Do Corda,BR,-5.5,-45.25,81.55,84,95,3.8,overcast clouds
621,Bandarbeyla,SO,9.4942,50.8122,74.1,61,11,20.96,few clouds
622,Byron Bay,AU,-28.65,153.6167,69.87,85,4,9.22,clear sky
623,Karaton,ID,-6.3424,106.1045,77.16,87,100,0.38,overcast clouds
624,Dutse,NG,11.7594,9.3392,74.77,9,30,9.69,scattered clouds
625,Sorland,NO,67.667,12.6934,33.87,59,100,28.19,light snow
626,Kidal,ML,18.4411,1.4078,77.65,6,41,7.29,scattered clouds
627,Laguna,US,38.421,-121.4238,69.24,74,0,9.22,clear sky
628,Turochak,RU,52.2576,87.1224,-12.48,99,17,2.64,few clouds
629,Emba,KZ,48.8264,58.1442,20.88,87,100,17.09,overcast clouds
630,Talaya,RU,61.3833,152.75,-38.11,90,92,2.06,overcast clouds
631,Hambantota,LK,6.1241,81.1185,77.31,82,79,5.12,light rain
632,Kailua,US,21.4022,-157.7394,73.38,77,0,0.0,clear sky
633,Betanzos,ES,43.2804,-8.2147,55.9,88,100,5.99,moderate rain
634,Taucha,DE,51.3833,12.4833,44.85,91,75,13.8,broken clouds
635,Kollam,IN,8.8833,76.6,84.07,75,94,4.21,overcast clouds
636,Alta Floresta,BR,-9.8756,-56.0861,91.22,52,40,3.44,scattered clouds
637,Bohdan,UA,48.0412,24.3522,36.21,99,99,3.83,overcast clouds
638,Saint-Georges,GD,12.0564,-61.7485,83.88,65,75,23.02,broken clouds
639,Ushtobe,KZ,45.2514,77.9838,14.38,96,97,4.27,overcast clouds
640,Wangqing,CN,43.3218,129.7634,10.56,94,40,2.48,scattered clouds
641,Fukue,JP,32.6881,128.8419,49.19,52,10,10.76,clear sky
642,Buncrana,IE,55.1333,-7.45,44.42,85,61,6.6,broken clouds
643,Thunder Bay,CA,48.4001,-89.3168,14.56,64,100,4.61,overcast clouds
644,Mayor Pablo Lagerenza,PY,-19.9309,-60.7718,102.4,18,2,6.38,clear sky
645,Desaguadero,PE,-16.5656,-69.0417,56.62,53,93,9.55,overcast clouds
646,Pineville,US,31.3224,-92.4343,67.87,44,0,5.75,clear sky
647,Ardabil,IR,38.2498,48.2933,36.95,81,40,21.85,scattered clouds
648,Coihueco,CL,-36.6167,-71.8333,72.34,40,40,9.22,scattered clouds
649,Harboore,DK,56.6175,8.1807,39.09,77,10,17.98,clear sky
650,Akyab,MM,20.15,92.9,68.79,60,18,12.24,few clouds
651,Catamarca,AR,-28.4696,-65.7852,94.77,30,2,8.99,clear sky
652,Gat,IL,31.61,34.7642,52.48,100,56,5.55,broken clouds
653,Durban,ZA,-29.8579,31.0292,79.72,91,30,3.0,scattered clouds
654,Nianzishan,CN,47.5167,122.8833,8.47,95,100,6.26,light snow
655,Beloha,MG,-25.1667,45.05,73.78,84,71,10.13,broken clouds
656,Puri,IN,19.8,85.85,72.12,67,26,8.57,scattered clouds
657,Rongcheng,CN,30.634,117.8517,41.92,92,100,3.02,light rain
658,Bilibino,RU,68.0546,166.4372,-42.61,100,72,1.45,broken clouds
659,Okha,RU,53.5739,142.9478,20.88,97,100,1.99,light snow
660,Seduva,LT,55.7667,23.7667,36.03,81,96,13.82,overcast clouds
661,Dunedin,NZ,-45.8742,170.5036,57.78,95,67,5.5,broken clouds
662,Jalu,LY,29.0331,21.5482,55.17,47,3,7.45,clear sky
663,Raudeberg,NO,61.9875,5.1352,34.47,81,100,1.99,overcast clouds
664,Fairbanks,US,64.8378,-147.7164,-7.69,75,100,3.44,light snow
665,Capreol,CA,46.706,-80.9225,28.9,77,75,1.99,broken clouds
666,Vrangel,RU,42.7297,133.0839,28.87,82,11,3.18,few clouds
667,Acarau,BR,-2.8856,-40.12,85.35,62,100,11.07,overcast clouds
668,Zverinogolovskoye,RU,54.4586,64.8542,3.33,93,10,10.31,clear sky
669,Kabalo,CD,-6.05,26.9167,69.85,96,100,4.12,overcast clouds
670,Salas,ES,43.4118,-6.2602,52.95,97,100,2.13,light rain
671,Kangar,MY,6.4414,100.1986,80.55,89,100,3.2,moderate rain
672,Omsukchan,RU,62.5333,155.8,-28.17,81,80,3.58,broken clouds
673,Darhan,MN,49.4867,105.9228,-14.08,96,95,0.83,overcast clouds
674,Mabamba,TZ,-3.5983,30.5019,64.24,92,42,0.72,light rain
675,Grand Baie,MU,-20.0182,57.5802,79.27,76,21,1.99,few clouds
676,Roebourne,AU,-20.7833,117.1333,84.43,73,10,9.22,clear sky
677,Abu Zabad,SD,12.35,29.25,74.75,12,14,15.97,few clouds
678,Champerico,GT,14.3,-91.9167,92.77,58,1,8.21,clear sky
679,Lahij,YE,13.1667,44.5833,69.67,73,27,9.1,scattered clouds
680,Sulina,RO,45.1559,29.6536,42.78,74,51,8.99,broken clouds
681,Badia Polesine,IT,45.0972,11.4916,53.89,80,8,3.0,clear sky
682,Zhangye,CN,38.9342,100.4517,25.09,41,88,7.92,overcast clouds
683,Reoti,IN,25.85,84.3833,57.43,74,0,8.5,clear sky
684,Vila Franca Do Campo,PT,37.7167,-25.4333,64.2,71,78,8.01,broken clouds
685,Alice Springs,AU,-23.7,133.8833,63.95,82,0,0.0,clear sky
686,Gazojak,TM,41.1875,61.4036,48.61,49,44,8.99,scattered clouds
687,Hirara,JP,24.8,125.2833,64.87,77,100,17.76,overcast clouds
688,Ballina,AU,-28.8667,153.5667,66.16,88,5,5.75,clear sky
689,Santa Rosalia,MX,27.3167,-112.2833,69.19,26,0,5.12,clear sky
690,Eirunepe,BR,-6.6603,-69.8736,85.39,62,92,1.57,overcast clouds
691,Mopipi,BW,-21.1833,24.8833,83.34,41,63,11.03,light rain
692,Stephenville,US,32.2207,-98.2023,67.68,27,0,8.05,clear sky
693,Marystown,CA,47.1666,-55.1483,40.86,100,63,1.99,broken clouds
694,Chesapeake,US,36.819,-76.2749,65.01,31,0,13.8,clear sky
695,Pingdingshan,CN,33.7385,113.3012,40.14,67,100,3.78,overcast clouds
696,Marfino,RU,55.7028,37.3822,33.71,86,75,6.71,broken clouds
697,Along,IN,28.1667,94.7667,52.74,98,100,1.52,overcast clouds
698,Coos Bay,US,43.3665,-124.2179,55.15,100,0,6.91,mist
699,Savantvadi,IN,15.9,73.8167,74.86,65,68,4.0,broken clouds
700,Arua,UG,3.0201,30.9111,76.15,31,100,2.44,overcast clouds
701,Palasa,IN,18.7667,84.4167,70.59,74,28,2.62,scattered clouds
702,Markt Schwaben,DE,48.1895,11.8691,48.31,65,75,4.61,broken clouds
703,Brekstad,NO,63.687,9.6654,35.01,93,75,21.85,broken clouds
704,Qasigiannguit,GL,68.8193,-51.1922,-0.15,88,76,4.65,broken clouds
705,Suchedniow,PL,51.0478,20.8292,44.78,81,90,11.74,overcast clouds
706,Northam,GB,51.0333,-4.2167,44.22,68,41,17.02,scattered clouds
707,Telde,ES,27.9924,-15.4192,71.82,40,0,8.05,clear sky
